{
  "PICP": 0.871875,
  "MPIW": 6.052540820121159,
  "n_test": 320
}