{
  "PICP": 0.8634639696586599,
  "MPIW": 4.6422013469047085,
  "n_test": 1582
}