{
  "PICP": 0.9150326797385621,
  "MPIW": 6.0100829760795405,
  "n_test": 153
}